prompt,chosen_response,rejected_response,rationale
Explain quantum computing to a 10 year old,"Imagine you have a big box of different colored socks. You want to find a specific pair of socks, but they're all mixed up inside the box. A regular computer would look through each sock one by one, like a person searching through the box, to find the pair you want.

A quantum computer is like a super-fast, magic box that can look at all the socks at the same time. It's like having a thousand pairs of eyes looking through the box, all at once!

But that's not all. A quantum computer can also look at all the possible combinations of socks, like all the different ways the socks could be arranged inside the box. It's like having a thousand different boxes, all at the same time!

This means that a quantum computer can solve problems much faster than a regular computer. It's like having a superpower that helps you find the socks you want in a fraction of the time.

But how does it do this magic? Well, it's because of something called ""qubits"" (quantum bits). Qubits are like special tiny particles that can be in many states at the same time. It's like a coin that can be both heads and tails at the same time!

When a quantum computer uses qubits, it can look at all the possible states of the qubits at the same time, which helps it solve problems much faster. It's like having a special key that unlocks the magic of the quantum world!

So, to sum it up, a quantum computer is like a super-fast, magic box that can look at all the possibilities at the same time, using special tiny particles called qubits. It's like having a superpower that helps you solve problems much faster!","Imagine you have a big box of colored balls. Each ball represents a piece of information, like the name of a friend or a favorite color. In a regular computer, we use a system to sort the balls into different categories, like a drawer for each color. This helps the computer make fast decisions and solve problems.

A quantum computer is like a super-powerful, magic box that can sort the colored balls in a really special way. It can look at ALL the balls and see which ones are connected to each other, even if they're not in the same drawer. This is called ""quantum entanglement.""

Imagine two balls that are ""entangled"" are connected in a way that lets the computer know what color one ball is, and it instantly knows what color the other ball is, even if they're on opposite sides of the box. This helps the quantum computer make really fast decisions and solve problems that would take a regular computer a long time to solve.

Another cool thing about quantum computers is that they can try lots of different answers at the same time, which is called ""quantum parallelism."" It's like having a team of super-fast workers who can all try different answers to a problem and then report back to the computer, which can then choose the right answer.

Quantum computers are really good at solving problems that involve lots of calculations, like cracking secret codes or simulating how atoms behave. They're also really good at searching through huge amounts of data to find what we're looking for.

So, to sum it up, quantum computers are super-powerful machines that use special connections between particles to make really fast decisions and solve problems that would be hard for regular computers to solve. They're like magic boxes that help us answer really hard questions and make new discoveries!","Response A is significantly better tailored to a 10-year-old audience. It uses highly relatable, visual analogy to clearly contrast classical sequential processing with quantum simultaneous processing. Furthermore, it introduces the core concept of a ""qubit""using the excellent , intuitive analogy of a coin being both heads and tails at once. Response B , on the other hand , relies on a confusing ball/drawer analogy and introduces too much technical jargon without explaining them simply enough for the target age group."
Explain quantum computing to a 10 year old,"Imagine you have a big box of different colored socks. You want to find a specific pair of socks, but they're all mixed up inside the box. A regular computer would look through each sock one by one, like a person searching through the box, to find the pair you want.

A quantum computer is like a super-fast, magic box that can look at all the socks at the same time. It's like having a thousand pairs of eyes looking through the box, all at once!

But that's not all. A quantum computer can also look at all the possible combinations of socks, like all the different ways the socks could be arranged inside the box. It's like having a thousand different boxes, all at the same time!

This means that a quantum computer can solve problems much faster than a regular computer. It's like having a superpower that helps you find the socks you want in a fraction of the time.

But how does it do this magic? Well, it's because of something called ""qubits"" (quantum bits). Qubits are like special tiny particles that can be in many states at the same time. It's like a coin that can be both heads and tails at the same time!

When a quantum computer uses qubits, it can look at all the possible states of the qubits at the same time, which helps it solve problems much faster. It's like having a special key that unlocks the magic of the quantum world!

So, to sum it up, a quantum computer is like a super-fast, magic box that can look at all the possibilities at the same time, using special tiny particles called qubits. It's like having a superpower that helps you solve problems much faster!","Imagine you have a big box of colored balls. Each ball represents a piece of information, like the name of a friend or a favorite color. In a regular computer, we use a system to sort the balls into different categories, like a drawer for each color. This helps the computer make fast decisions and solve problems.

A quantum computer is like a super-powerful, magic box that can sort the colored balls in a really special way. It can look at ALL the balls and see which ones are connected to each other, even if they're not in the same drawer. This is called ""quantum entanglement.""

Imagine two balls that are ""entangled"" are connected in a way that lets the computer know what color one ball is, and it instantly knows what color the other ball is, even if they're on opposite sides of the box. This helps the quantum computer make really fast decisions and solve problems that would take a regular computer a long time to solve.

Another cool thing about quantum computers is that they can try lots of different answers at the same time, which is called ""quantum parallelism."" It's like having a team of super-fast workers who can all try different answers to a problem and then report back to the computer, which can then choose the right answer.

Quantum computers are really good at solving problems that involve lots of calculations, like cracking secret codes or simulating how atoms behave. They're also really good at searching through huge amounts of data to find what we're looking for.

So, to sum it up, quantum computers are super-powerful machines that use special connections between particles to make really fast decisions and solve problems that would be hard for regular computers to solve. They're like magic boxes that help us answer really hard questions and make new discoveries!","Response A is significantly better tailored to a 10-year-old audience. It uses highly relatable, visual analogy to clearly contrast classical sequential processing with quantum simultaneous processing. Furthermore, it introduces the core concept of a ""qubit""using the excellent , intuitive analogy of a coin being both heads and tails at once. Response B , on the other hand , relies on a confusing ball/drawer analogy and introduces too much technical jargon without explaining them simply enough for the target age group."
Write a Python function to reverse a string,"## Reversing a String in Python

You can use slicing to reverse a string in Python. Slicing allows you to extract a subset of characters from a string.

### Code

```python
def reverse_string(input_str: str) -> str:
    """"""
    Reverses a given string.

    Args:
        input_str (str): The string to be reversed.

    Returns:
        str: The reversed string.
    """"""
    return input_str[::-1]
```

### Example Use Case

```python
# Test the function
input_str = ""Hello, World!""
reversed_str = reverse_string(input_str)
print(reversed_str)  # Output: ""!dlroW ,olleH""
```

### Explanation

In the code above, `input_str[::-1]` is used to slice the string from the end to the beginning. The `::-1` means start at the end of the string and end at position 0, move with the step -1 which means one step backwards.

This function is concise, efficient, and readable, making it a good solution for reversing strings in Python.

Alternatively, you can use the `reversed` function in combination with the `join` function to achieve the same result:

```python
def reverse_string(input_str: str) -> str:
    return """".join(reversed(input_str))
```","**Reversing a String in Python**
=====================================

Here's a simple function that takes a string as input and returns the reversed string:

```python
def reverse_string(s):
    """"""
    Reverses the input string.

    Args:
        s (str): The input string.

    Returns:
        str: The reversed string.
    """"""
    return s[::-1]
```

**Example Use Cases**
--------------------

```python
print(reverse_string(""hello""))  # Output: ""olleh""
print(reverse_string(""Python""))  # Output: ""nohtyP""
```

**Explanation**
---------------

This function uses Python's slice notation to extract the characters of the input string in reverse order. The `[::-1]` slice means ""start at the end of the string and end at position 0, move with the step -1"" which effectively reverses the string.

**Alternative Implementation**
-----------------------------

If you prefer a more explicit implementation, you can use a loop to build the reversed string:

```python
def reverse_string(s):
    reversed_s = """"
    for char in s:
        reversed_s = char + reversed_s
    return reversed_s
```

However, the slice notation approach is generally more efficient and concise.","Response B is better because it is entirely accurate and adheres to better Python coding standards. Response A contains a factual error in its second example case , stating that reversing the capitalised string "" Python"" results in an-lowercase ""nohtyp"". Additionally , Response B's alternative implementation uses the highly efficient , built-in """".join(reversed()) approach , whereas Response A recommends an inefficient manual loop with string concatenation 9(O(N2) complexity).Response B also correctly utilises modern Python type hinting."
What are the risks of using AI in hiring?,"There are several risks associated with using AI in hiring, including:

1. **Bias and Discrimination**: AI systems can perpetuate and amplify existing biases if they are trained on biased data. This can lead to discriminatory hiring practices, particularly against underrepresented groups such as women, minorities, and individuals with disabilities.

2. **Lack of Transparency**: AI hiring systems can be opaque, making it difficult to understand how decisions are made. This can lead to a lack of trust in the hiring process and potential lawsuits.

3. **Overreliance on Data**: AI systems rely on data, but if the data is incomplete, inaccurate, or outdated, the AI system may make poor decisions.

4. **Lack of Human Judgment**: AI systems can struggle to understand the nuances of human behavior and may not be able to assess a candidate's fit for a role as well as a human recruiter.

5. **Job Requirements and Skills**: AI systems may prioritize skills that are easily measurable, such as technical skills, over softer skills like communication and teamwork.

6. **Candidate Experience**: AI-powered hiring systems can be impersonal and may lead to a negative candidate experience, particularly if candidates are not provided with clear feedback or communication.

7. **Lack of Context**: AI systems may not be able to understand the context of a candidate's application, such as their education, work experience, or personal circumstances.

8. **Cybersecurity Risks**: AI-powered hiring systems can be vulnerable to cyber attacks, which can compromise sensitive candidate data.

9. **Regulatory Compliance**: AI-powered hiring systems must comply with relevant employment laws and regulations, such as the Equal Employment Opportunity Commission (EEOC) guidelines in the US.

10. **Dependence on Technology**: Overreliance on AI-powered hiring systems can lead to a loss of human skills and judgment in the hiring process.

To mitigate these risks, it's essential to:

- Implement robust data quality and validation processes
- Use diverse and representative training data
- Regularly audit and test AI-powered hiring systems for bias and accuracy
- Provide clear communication and feedback to candidates
- Use AI-powered hiring systems in conjunction with human recruiters and hiring managers
- Continuously monitor and evaluate the effectiveness of AI-powered hiring systems.","There are several risks of using AI in hiring, including:

1. **Bias in hiring decisions**: AI algorithms can perpetuate existing biases in the hiring process, leading to unfair treatment of certain groups of people.
2. **Lack of transparency**: AI algorithms can be opaque, making it difficult to understand how they arrive at their decisions, which can lead to mistrust and controversy.
3. **Inability to detect nuance**: AI algorithms may struggle to detect subtle differences in communication styles, personality, or experience, which can lead to misclassifying candidates.
4. **Over-reliance on data quality**: AI algorithms are only as good as the data they are trained on, so if the data is incomplete, inaccurate, or biased, the AI's decisions will be flawed.
5. **Limited understanding of context**: AI algorithms may not be able to fully understand the context of a candidate's response or experience, which can lead to misinterpretation.
6. **Job requirements and skills obsolescence**: AI-driven hiring systems may prioritize skills that are relevant today but may become obsolete in the future, which can leave companies without the skills they need for future challenges.
7. **Candidate experience degradation**: Over-reliance on AI in hiring can lead to less personal and less meaningful interactions between candidates and hiring managers, which can negatively impact the candidate experience.
8. **Compliance risks**: AI-driven hiring systems may not be able to comply with anti-discrimination laws and regulations, which can lead to liability for companies.
9. **Dependence on vendors and technology**: Companies may become too dependent on vendors and technology for hiring, which can lead to vendor lock-in and a loss of control over the process.
10. **Misuse of AI**: AI can be misused to manipulate hiring outcomes, such as creating fake job postings or exaggerating the qualifications of candidates.
11. **Lack of human judgment**: AI algorithms may not be able to replicate the nuanced decision-making of a human hiring manager, which can lead to poor hiring decisions.
12. **Data security risks**: AI-driven hiring systems may collect and store sensitive data about job applicants, which can create data security risks if not properly protected.
13. **Inability to detect deception**: AI algorithms may not be able to detect deception or dishonesty in candidate responses, which can lead to the hiring of unqualified or untrustworthy candidates.
14. **Inaccurate predictions**: AI algorithms may make predictions about candidate performance or job success that are inaccurate or unreliable, which can lead to poor hiring decisions.
15. **Limited ability to adapt**: AI-driven hiring systems may struggle to adapt to changing business needs or market conditions, which can lead to hiring decisions that are not aligned with the company's needs.

It is essential to carefully evaluate the risks and benefits of using AI in hiring and to implement measures to mitigate these risks and ensure that AI is used in a way that is fair, transparent, and effective.","Response A is the superior response because it is concise , well-structured, and highly comprehensive . While Response B lists 15 items , it suffers from heavy redundancy - splitting closely related concepts like lack of context , nuance , and human judgment into three entirely separate points to artificially inflate the list. More importantly, Response A provides a highly valuable, actionable section detailing explicit mitigation strategies to address these hiring risks, whereas Response B concludes with a generic summary statement "
Give me a recipe for chocolate chip cookies,"Here's a classic recipe for chocolate chip cookies that yields soft, chewy, and delicious results:

**Ingredients:**

- 2 1/4 cups all-purpose flour
- 1 tsp baking soda
- 1 tsp salt
- 1 cup (2 sticks) unsalted butter, softened
- 3/4 cup white granulated sugar
- 3/4 cup brown sugar
- 2 large eggs
- 2 tsp pure vanilla extract
- 2 cups semi-sweet chocolate chips

**Instructions:**

1. **Preheat the oven:** Preheat your oven to 375°F (190°C). Line a baking sheet with parchment paper or a silicone mat.
2. **Whisk dry ingredients:** In a medium bowl, whisk together the flour, baking soda, and salt. Set aside.
3. **Cream butter and sugars:** In a large bowl, use an electric mixer to cream together the butter and sugars until light and fluffy, about 2-3 minutes.
4. **Add eggs and vanilla:** Beat in the eggs one at a time, followed by the vanilla extract.
5. **Mix in dry ingredients:** Gradually mix in the dry ingredients (flour mixture) until just combined, being careful not to overmix.
6. **Stir in chocolate chips:** Stir in the chocolate chips to distribute them evenly throughout the dough.
7. **Scoop and bake:** Scoop tablespoon-sized balls of dough onto the prepared baking sheet, leaving about 2 inches of space between each cookie.
8. **Bake:** Bake for 10-12 minutes, or until the edges are lightly golden brown and the centers are set.
9. **Cool:** Remove the cookies from the oven and let them cool on the baking sheet for 5 minutes before transferring them to a wire rack to cool completely.

**Tips and Variations:**

- Use high-quality chocolate chips for the best flavor.
- If you want a crisper cookie, bake for 12-14 minutes.
- Consider adding nuts (walnuts or pecans work well), dried cranberries, or a sprinkle of sea salt for added flavor and texture.
- For a chewier cookie, bake for 8-10 minutes.

Enjoy your delicious homemade chocolate chip cookies!","Here's a classic recipe for chocolate chip cookies that yields a soft, chewy, and delicious result.

**Ingredients:**

- 2 1/4 cups all-purpose flour
- 1 tsp baking soda
- 1 tsp salt
- 1 cup (2 sticks) unsalted butter, at room temperature
- 3/4 cup white granulated sugar
- 3/4 cup brown sugar
- 2 large eggs
- 2 tsp vanilla extract
- 2 cups semi-sweet chocolate chips

**Instructions:**

1. **Preheat your oven**: Set your oven to 375°F (190°C). Line a baking sheet with parchment paper or a silicone mat.

2. **Whisk dry ingredients**: In a medium-sized bowl, whisk together the flour, baking soda, and salt. Set aside.

3. **Cream butter and sugars**: In a large bowl, use an electric mixer to cream together the butter and sugars until light and fluffy (about 2-3 minutes).

4. **Beat in eggs and vanilla**: Beat in the eggs one at a time, followed by the vanilla extract.

5. **Combine wet and dry ingredients**: Gradually mix in the dry ingredients (flour mixture) until just combined, being careful not to overmix.

6. **Stir in chocolate chips**: Stir in the chocolate chips to distribute them evenly throughout the dough.

7. **Chill the dough**: If you want a more rounded cookie, chill the dough in the refrigerator for at least 30 minutes or up to 2 hours.

8. **Scoop and bake**: Scoop tablespoon-sized balls of dough onto the prepared baking sheet, leaving about 2 inches of space between each cookie. Bake for 10-12 minutes or until lightly golden brown on the edges and set in the center.

9. **Cool and enjoy**: Remove the cookies from the oven and let them cool on the baking sheet for 5 minutes before transferring them to a wire rack to cool completely.

**Tips:**

- For a chewier cookie, bake for 8-10 minutes.
- For a crisper cookie, bake for 12-14 minutes.
- Use high-quality chocolate chips for the best flavor.

Enjoy your delicious homemade chocolate chip cookies!","Response A is the better response because it provides a cleaner , more practical kitchen workflow and offers significantly better secondary value . It cleanly separates the dough- scooping step from the baking-time step, making the instructions easier follow while actively cooking. Furthermore, Response A includes a far superior ""Tips and Variations"" section that suggests creative and highly relevant mix-ins. Response B , by contrast , unnecessarily disrupts the classic chronological flow by inserting long chilling delay directly into the core instructions, and its tips section offers no creative variation."
Summarize the plot of Romeo and Juliet in 3 sentences,"In Romeo and Juliet, two young lovers from feuding families, the Montagues and the Capulets, fall in love at a ball hosted by the Capulets. Despite the danger and societal pressure against their relationship, Romeo and Juliet secretly marry and plan to be together, but their love ultimately leads to tragic consequences when Romeo mistakenly believes Juliet is dead and poisons himself in her tomb, causing Juliet to awaken and find Romeo dead, leading her to take her own life as well. The tragic end of the two lovers ultimately brings peace between their families, as they realize the senselessness of their long-standing feud.","In William Shakespeare's tragic love story Romeo and Juliet, two teenagers from feuding families, the Montagues and the Capulets, fall deeply in love at a ball hosted by Juliet's family. The star-crossed lovers secretly marry, but their happiness is short-lived when Romeo kills Juliet's cousin in a duel and is banished from Verona. Ultimately, Juliet fakes her own death to avoid marrying another man, but Romeo believes she is really dead and poisons himself in her tomb, causing Juliet to awaken to find Romeo dead and ultimately stabbing herself with his dagger to join him in death.","Both responses perfectly adhere to the three-sentence constraint. However, Response A is superior because it provides a complete narrative arc, concluding with the crucial resolution of the play - the reconciliation and peace between the feuding Montagues and Capulets. Response B spends too much text on mid-story complications, forcing it to end abruptly at the lovers deaths without addressing the final resolution of the family feud."
How does photosynthesis work?,"Photosynthesis is a vital process by which plants, algae, and some bacteria convert light energy from the sun into chemical energy in the form of glucose. This process is essential for life on Earth, as it provides the energy and organic compounds necessary to support the food chain.

Here's a simplified overview of the photosynthesis process:

**Equation:** 6 CO2 (carbon dioxide) + 6 H2O (water) + light energy → C6H12O6 (glucose) + 6 O2 (oxygen)

**Steps:**

1. **Light absorption**: Light energy from the sun is absorbed by pigments such as chlorophyll and other accessory pigments in the thylakoid membrane of chloroplasts.
2. **Excitation of electrons**: The absorbed light energy excites electrons in the pigments, which are then transferred to a special molecule called an electron acceptor.
3. **Transfer of electrons**: The electrons flow through a series of electron carriers in the thylakoid membrane, ultimately resulting in the formation of a proton gradient.
4. **ATP synthesis**: The energy from the proton gradient is used to produce ATP (adenosine triphosphate) through a process called chemiosmosis.
5. **Reduction of NADP+**: The energy from ATP is used to reduce NADP+ (nicotinamide adenine dinucleotide phosphate) to NADPH.
6. **Calvin cycle**: The reduced NADPH and ATP are used to convert CO2 into glucose through the Calvin cycle, also known as the light-independent reaction.
7. **Glucose synthesis**: The Calvin cycle involves a series of biochemical reactions that result in the synthesis of glucose from CO2.

**Key players:**

* **Chlorophyll**: A green pigment that absorbs light energy and plays a central role in photosynthesis.
* **Thylakoid membrane**: A membrane-bound structure within chloroplasts where light absorption and electron transfer occur.
* **Chloroplast**: An organelle found in plant cells where photosynthesis takes place.
* **ATP synthase**: An enzyme that harnesses the energy from the proton gradient to produce ATP.
* **Rubisco**: An enzyme that catalyzes the first step of the Calvin cycle.

**Importance of photosynthesis:**

* Produces oxygen as a byproduct, which is essential for aerobic respiration in animals.
* Provides energy and organic compounds for plants to grow and develop.
* Supports the food chain by providing energy and organic compounds for herbivores and carnivores.

In summary, photosynthesis is a complex process that involves the conversion of light energy into chemical energy through a series of biochemical reactions. This process is essential for life on Earth and supports the food chain.","Photosynthesis is the process by which plants, algae, and some bacteria convert light energy from the sun into chemical energy in the form of organic compounds, such as glucose. This process is essential for life on Earth, as it provides the energy and organic compounds needed to support the food chain.

Here's a step-by-step explanation of how photosynthesis works:

**The Light-Dependent Reactions**

1. **Light absorption**: Light is absorbed by pigments such as chlorophyll and other accessory pigments in the thylakoid membranes of chloroplasts.
2. **Excitation of electrons**: The absorbed light energy excites electrons in the pigments, which are then transferred to a special molecule called an electron acceptor.
3. **Transfer of electrons**: The electrons are passed along a series of electron carriers in the thylakoid membrane, ultimately resulting in the formation of a high-energy molecule called ATP (adenosine triphosphate).
4. **Production of NADPH**: The electrons also reduce a molecule called NADP+ to form NADPH, a high-energy electron carrier.

**The Light-Independent Reactions (Calvin Cycle)**

1. **Carbon fixation**: CO2 is fixed into a three-carbon molecule called 3-phosphoglycerate (3-PGA) via the enzyme RuBisCO.
2. **Reduction of 3-PGA**: The 3-PGA is reduced to form glyceraldehyde 3-phosphate (G3P) using the ATP and NADPH produced in the light-dependent reactions.
3. **Regeneration of RuBP**: The enzyme RuBP is regenerated from G3P and CO2.
4. **Production of glucose**: The G3P molecules are used to synthesize glucose (C6H12O6) through a series of reactions.

**Overall Equation**

6 CO2 + 6 H2O + light energy → C6H12O6 (glucose) + 6 O2

**Key Players**

* **Chlorophyll**: The green pigment that absorbs light energy and transfers it to other molecules.
* **RuBisCO**: The enzyme that fixes CO2 into 3-PGA.
* **ATP**: The energy-rich molecule produced in the light-dependent reactions.
* **NADPH**: The high-energy electron carrier produced in the light-dependent reactions.

In summary, photosynthesis is a complex process that involves the absorption of light energy, the transfer of electrons, and the conversion of CO2 and H2O into glucose and O2. This process is essential for life on Earth and supports the food chain.","Response B is the better response due to strict factual accuracy. Response A contains major scientific errors in its explanation of the Calvin Cycle , where it incorrectly labels the sugar molecule RuBP as an enzyme and erroneously claims that its regeneration requires CO2. Response B maintains perfect biological accuracy, correctly identifies Rubisco as the primary enzyme involved , and provides excellent additional value by including a dedicated section on additional value by including a dedicated section on the environmental importance of Photosynthesis."
Write a short poem about the ocean,"Majestic waves crash on the shore,
A soothing melody evermore.
The ocean's vastness, a sight to see,
Endless blue, where secrets lie free.

The currents flow, a silent stream,
Where creatures hide, and dreams beam.
The moon's pale light, upon the tide,
A magical world, where the heart resides.

In the depths, where darkness reigns,
A mysterious world, where wonders sustain.
The ocean's roar, an endless beat,
A call to dreams, a journey to repeat.","Deep blue waters, vast and wide,
A world of mystery, where secrets reside.
The ocean's roar, a soothing sound,
As waves crash on the sandy ground.

The sun sets low, a fiery glow,
Reflecting off the waves below.
The stars appear, a twinkling show,
As the ocean's magic starts to grow.

In its depths, a world of wonder lies,
Where creatures roam, with secret eyes.
The ocean's power, a force so grand,
A treasure trove, of this watery land.","Response B is the superior poem because it features much more evocative imagery and a more mature structure. Response A relies on predictable cliches and utilises a lazy, repetitive four-line rhyme block in the second stanza that makes it sound childish. Response B provides a dynamic contrast between the serene surface of the ocean and its mysterious depths utilising a natural , lyrical meter that flows much better."
What's the difference between machine learning and deep learning?,"Machine learning (ML) and deep learning (DL) are both subfields of artificial intelligence (AI), but they differ in their approaches and complexity.

**Machine Learning (ML):**

Machine learning is a type of AI that enables computers to learn from data without being explicitly programmed. It involves training algorithms on labeled data to recognize patterns, make predictions, and improve their performance over time. ML models can be linear, decision trees, or more complex models like support vector machines (SVMs).

**Key characteristics of Machine Learning:**

1. Shallower neural networks (typically 1-10 layers)
2. Linear or non-linear algorithms
3. Focus on extracting features from data
4. Often uses gradient descent for optimization
5. Can be computationally efficient

**Deep Learning (DL):**

Deep learning is a subset of machine learning that involves the use of neural networks with many layers (typically 10-100 layers or more). These networks are designed to learn complex patterns and representations in data, such as images, speech, or text.

**Key characteristics of Deep Learning:**

1. Deeper neural networks with many layers
2. Non-linear algorithms with activation functions (e.g., ReLU, sigmoid)
3. Focus on learning hierarchical representations of data
4. Often uses stochastic gradient descent (SGD) or Adam for optimization
5. Can be computationally intensive and require significant resources

**Key differences between Machine Learning and Deep Learning:**

1. **Complexity:** Deep learning models are generally more complex and require more computational resources than machine learning models.
2. **Number of layers:** Deep learning models have many more layers than machine learning models.
3. **Data required:** Deep learning models typically require large datasets to train, whereas machine learning models can perform well with smaller datasets.
4. **Optimization:** Deep learning models often use more advanced optimization algorithms, such as SGD or Adam, to handle their non-linear nature.

In summary, machine learning is a broader field that encompasses a range of techniques, while deep learning is a specific type of machine learning that uses complex neural networks to learn from data.","Machine learning and deep learning are both subsets of artificial intelligence (AI), but they differ in their approaches and complexity.

**Machine Learning (ML):**

Machine learning is a type of AI that enables systems to learn from data without being explicitly programmed. It uses algorithms to analyze data, identify patterns, and make predictions or decisions. Machine learning models can be trained on a dataset to improve their performance over time.

Machine learning can be categorized into three types:

1. **Supervised learning**: The model is trained on labeled data to learn the relationship between inputs and outputs.
2. **Unsupervised learning**: The model is trained on unlabeled data to identify patterns or structure.
3. **Reinforcement learning**: The model learns by interacting with an environment and receiving feedback in the form of rewards or penalties.

**Deep Learning (DL):**

Deep learning is a subset of machine learning that uses neural networks with multiple layers to analyze data. These neural networks are inspired by the structure and function of the human brain. Deep learning models are particularly effective in image and speech recognition, natural language processing, and other tasks that require complex pattern recognition.

Deep learning models are characterized by:

1. **Multiple layers**: Deep learning models have multiple layers of artificial neurons, which allow them to learn complex representations of data.
2. **Non-linear transformations**: Each layer applies a non-linear transformation to the input data, enabling the model to learn complex relationships.
3. **Backpropagation**: Deep learning models use backpropagation to adjust the model's parameters during training.

Key differences between machine learning and deep learning:

1. **Complexity**: Deep learning models are more complex and require more computational resources than machine learning models.
2. **Data requirements**: Deep learning models require large amounts of data to train effectively, while machine learning models can be trained on smaller datasets.
3. **Scalability**: Deep learning models can be scaled up to handle large datasets and complex tasks, while machine learning models may not be able to handle such large datasets.
4. **Interpretability**: Machine learning models are often more interpretable than deep learning models, as they can provide insights into the relationships between inputs and outputs.

In summary, machine learning is a broader field that encompasses various techniques for analyzing data, while deep learning is a specific subset of machine learning that uses neural networks to analyze complex data.","Response A is significantly better because Response B contains a major technical hallucination. In its characteristics of Machine learning , Response B erroneously claims that traditional ML utilises "" shallower neural networks ."" Traditional ML relies primarily on non-neural algorithms , and an architecture with up to 10 layers is already considered deep learning. Additionally, Response A provides a much stronger comparison section by correctly identifying ""Interpretability"" as a definitive differentiatior, while also accurately mapping out the three core paradigms of ML."
Give advice for a first-time job interview,"Congratulations on landing a job interview. As a first-time job interviewee, here are some valuable tips to help you prepare and make a positive impression:

**Before the Interview:**

1. **Research the company**: Learn about the company's mission, values, products, and services. This will help you understand their needs and show your interest in the role.
2. **Review the job description**: Study the job requirements and be prepared to explain how your skills and experience match the position.
3. **Prepare your resume and references**: Make sure your resume is updated and tailored to the job you're applying for. Bring extra copies of your resume and a list of professional references.
4. **Practice your responses**: Anticipate common interview questions and practice your responses. Use the STAR method to structure your answers: Situation, Task, Action, Result.
5. **Plan your outfit**: Dress professionally and make a good first impression.

**During the Interview:**

1. **Arrive early**: Plan to arrive 10-15 minutes before the interview. This will give you time to collect your thoughts and make a good impression.
2. **Be confident and friendly**: Smile, make eye contact, and use a firm but not too firm handshake.
3. **Listen actively**: Pay attention to the interviewer's questions and respond thoughtfully.
4. **Ask questions**: Prepare a list of questions to ask the interviewer, such as ""What are the biggest challenges facing the team right now?"" or ""Can you tell me more about the company culture?""
5. **Be yourself**: Authenticity is key in an interview. Don't try to be someone you're not.

**Common Interview Questions:**

1. **Tell me about yourself**: Keep this brief and focus on your professional experience and skills.
2. **Why do you want to work for this company?**: Show that you've done your research and are genuinely interested in the company.
3. **What are your strengths and weaknesses?**: Be honest about your weaknesses and talk about what you're doing to improve them.
4. **Where do you see yourself in five years?**: Show that you're committed to the company and the role, but also have long-term goals.

**After the Interview:**

1. **Send a thank-you note**: Write a thank-you email or note to the interviewer, expressing your gratitude for the opportunity and reiterating your interest in the role.
2. **Follow up**: If you haven't heard back within a week or two, send a follow-up email to inquire about the status of your application.

Remember, a job interview is a conversation, not an interrogation. Be yourself, be confident, and show enthusiasm for the role and the company. Good luck!","Congratulations on landing a first-time job interview! Here are some valuable tips to help you prepare and increase your chances of success:

**Before the Interview:**

1. **Research the company**: Learn about the company's mission, values, products, and services. This will help you understand their needs and show your interest in the role.
2. **Review the job description**: Study the job requirements and make a list of the skills and qualifications you can bring to the table.
3. **Prepare your resume and cover letter**: Make sure your resume and cover letter are up-to-date and tailored to the job you're applying for.
4. **Practice your responses**: Anticipate common interview questions and practice your responses. Use the STAR method to structure your answers: Situation, Task, Action, Result.
5. **Choose your outfit**: Dress professionally and make a good impression.

**During the Interview:**

1. **Arrive early**: Plan to arrive 10-15 minutes before the interview. This will give you time to collect your thoughts and make a good impression.
2. **Be confident and enthusiastic**: Show enthusiasm for the company and the role. Be confident in your abilities and experiences.
3. **Make eye contact**: Maintain eye contact with the interviewer(s). This will show that you're engaged and interested.
4. **Listen actively**: Pay attention to the interviewer's questions and respond thoughtfully.
5. **Ask questions**: Prepare a list of questions to ask the interviewer. This shows that you're interested in the company and willing to learn.

**Common Interview Questions:**

1. **Tell me about yourself**: Keep this brief and focused on your professional experience and qualifications.
2. **Why do you want to work for this company?**: Show that you've done your research and are genuinely interested in the company.
3. **What are your strengths and weaknesses?**: Be honest about your weaknesses, but also talk about what you're doing to improve them.
4. **Where do you see yourself in five years?**: Show that you're committed to the company and the role, but also willing to grow and develop.

**After the Interview:**

1. **Send a thank-you note**: Write a thank-you note or email to the interviewer(s). This shows that you're grateful for the opportunity and interested in the role.
2. **Follow up**: If you haven't heard back within a week, send a follow-up email to inquire about the status of your application.
3. **Learn from the experience**: Whether you get the job or not, use this experience to learn and improve for future interviews.

Remember, a job interview is a conversation, not an interrogation. Be yourself, be confident, and show your enthusiasm for the company and the role. Good luck!","Response A is the superior response because it follows a logical chronological timeline and provides highly practical advice for a first-time interview. Response B includes a workflow error by advising the candidate to prepare a cover letter after they have already landed the interview. Furthermore, Response A provides excellent added value by giving concrete example of insightful questions to ask the interview, whereas Response B remains entirely generic."
Explain compound interest with an example,"Compound interest is a type of interest calculated on both the initial principal, which is the amount of money you deposit or borrow, and the accumulated interest from previous periods. It's a powerful tool for growing your savings or investments over time.

Here's an example to illustrate how compound interest works:

**Example:**

Let's say you deposit $1,000 into a savings account that earns a 5% annual interest rate, compounded annually.

**Year 1:**

* Principal: $1,000
* Interest: $1,000 x 5% = $50
* Balance: $1,000 + $50 = $1,050

**Year 2:**

* Principal: $1,050 (previous balance)
* Interest: $1,050 x 5% = $52.50
* Balance: $1,050 + $52.50 = $1,102.50

**Year 3:**

* Principal: $1,102.50 (previous balance)
* Interest: $1,102.50 x 5% = $55.13
* Balance: $1,102.50 + $55.13 = $1,157.63

As you can see, the interest earned in each year is not just 5% of the initial principal, but 5% of the new balance, which includes the accumulated interest from previous years. This is the power of compound interest!

**Key points:**

* The interest is compounded annually, meaning it's added to the principal at the end of each year.
* The interest rate is 5% per annum, which is applied to the new balance each year.
* The interest earned in each year is added to the principal, creating a snowball effect that grows the balance over time.

**Time and interest rates matter:**

The longer you leave your money to grow, the more compound interest will work in your favor. Additionally, higher interest rates will result in faster growth. For example, if the interest rate were 10% instead of 5%, the balance would grow much faster.

I hope this example helps you understand compound interest!","Compound interest is a type of interest that is calculated on both the initial principal amount and the accumulated interest over time. This allows the interest to earn interest on itself, resulting in exponential growth.

Here's an example to illustrate this concept:

**Example:**

Let's say you deposit $1,000 into a savings account that earns an annual interest rate of 5% compounded annually. The interest rate means that 5% of the principal amount ($1,000) will be added to the account each year.

**Year 1:**

- Principal: $1,000
- Interest: $1,000 x 5% = $50 (added to the principal)
- Total: $1,050

**Year 2:**

- Principal: $1,050 (previous year's total)
- Interest: $1,050 x 5% = $52.50 (added to the principal)
- Total: $1,102.50

**Year 3:**

- Principal: $1,102.50 (previous year's total)
- Interest: $1,102.50 x 5% = $55.13 (added to the principal)
- Total: $1,157.63

As you can see, the interest earned in each year is not just 5% of the initial principal amount, but 5% of the growing principal balance, resulting in a larger interest earnings each year.

**Key takeaways:**

* Compound interest allows the interest to earn interest on itself, leading to exponential growth.
* The interest is calculated on both the initial principal amount and the accumulated interest over time.
* The longer the time period, the more significant the impact of compound interest.

This example illustrates how compound interest can help your savings grow over time, making it an essential concept to understand when managing your finances.","Response A is the superior response because Response B suffers from a severe text-formatting glitch in its example introduction, where an entire clause is generated without spaces. Furthermore, Response A provides significantly better educational value by including a dedicated ""Time and interest rates matter""section that demonstrates how changing variables alters the compounding effect. Response A also uses clearer line -by line math equations to show how the balance accumulates year over year."
